personId,groupId,sinceYear,role
2,670,2022,member
3,534,2026,member
3,831,2019,admin
3,745,2022,moderator
3,284,2023,member
3,593,2020,member
6,241,2025,admin
7,486,2018,member
7,776,2026,member
7,725,2024,member
8,542,2019,moderator
8,98,2023,admin
9,371,2026,member
10,265,2019,admin
10,171,2021,moderator
11,203,2019,member
11,944,2024,member
12,404,2020,moderator
12,345,2024,moderator
12,591,2024,admin
12,509,2025,moderator
13,582,2023,admin
13,215,2024,member
14,795,2022,member
15,610,2023,member
15,75,2026,member
16,669,2024,moderator
16,558,2020,member
16,819,2021,admin
16,305,2018,moderator
16,184,2024,member
17,29,2018,member
19,109,2023,member
20,1,2022,member
20,316,2021,moderator
21,512,2022,admin
21,634,2018,member
21,161,2018,admin
21,777,2024,member
21,77,2024,member
22,721,2019,member
22,621,2025,member
22,19,2026,member
22,320,2024,moderator
23,587,2025,member
23,391,2024,moderator
26,122,2020,member
26,47,2025,member
26,821,2024,member
27,178,2018,member
28,397,2025,member
28,582,2022,member
29,481,2023,member
29,107,2025,admin
31,501,2019,member
31,479,2023,member
31,8,2019,moderator
32,211,2020,moderator
32,641,2018,admin
32,828,2024,admin
33,521,2026,admin
34,704,2019,member
34,564,2026,member
34,431,2025,member
34,773,2023,admin
35,992,2025,admin
36,218,2021,moderator
37,905,2025,member
39,502,2024,moderator
40,907,2023,admin
40,822,2024,member
40,784,2023,admin
41,760,2024,moderator
42,839,2022,moderator
42,598,2019,member
43,644,2021,member
44,929,2018,member
44,259,2022,member
44,885,2023,member
44,328,2025,moderator
46,573,2022,admin
46,743,2024,member
47,658,2018,member
47,639,2025,member
47,265,2022,admin
47,341,2018,moderator
48,384,2026,member
48,236,2021,admin
49,413,2021,member
50,124,2024,member
50,254,2026,member
50,417,2022,member
51,470,2018,member
51,215,2019,member
53,224,2022,member
53,181,2023,member
53,831,2018,member
53,724,2024,member
54,891,2025,admin
54,546,2024,member
55,299,2024,moderator
56,438,2022,moderator
57,764,2020,moderator
57,39,2021,admin
57,254,2025,member
57,224,2019,member
58,802,2022,member
58,55,2018,member
60,447,2025,admin
60,46,2019,admin
61,402,2022,admin
62,903,2025,moderator
63,481,2026,member
63,208,2021,member
64,270,2022,member
65,458,2022,moderator
65,883,2026,admin
65,672,2021,member
65,381,2018,member
66,787,2020,moderator
66,657,2018,member
66,703,2025,member
67,882,2023,moderator
67,541,2025,member
67,482,2025,member
68,937,2026,member
68,717,2020,admin
70,409,2021,admin
70,945,2019,member
70,98,2021,moderator
70,884,2025,member
71,661,2026,member
72,105,2021,moderator
72,717,2024,admin
72,755,2025,member
72,990,2023,admin
72,213,2018,moderator
73,777,2024,member
73,46,2019,member
74,274,2025,admin
74,42,2021,admin
74,508,2022,moderator
74,37,2026,member
75,201,2018,member
75,825,2022,admin
76,360,2023,member
76,474,2018,member
76,219,2022,admin
76,444,2020,moderator
81,890,2026,member
81,839,2024,member
82,971,2019,moderator
83,532,2026,member
83,334,2022,member
84,565,2023,admin
84,576,2021,member
84,675,2021,member
84,587,2018,moderator
85,381,2018,member
85,447,2020,moderator
86,800,2019,member
86,56,2020,member
87,665,2024,moderator
87,39,2021,member
87,921,2018,admin
87,134,2020,member
88,988,2024,member
89,4,2021,member
90,659,2019,member
91,814,2018,member
92,214,2018,member
92,947,2020,admin
92,168,2023,member
94,335,2021,member
94,5,2026,member
94,23,2018,moderator
94,300,2026,member
94,132,2018,member
95,128,2018,admin
95,801,2021,member
96,355,2025,member
96,305,2026,member
96,544,2025,moderator
96,295,2025,member
97,539,2020,member
97,964,2023,member
98,850,2019,member
99,549,2021,admin
99,161,2020,moderator
99,498,2022,member
99,149,2023,member
100,190,2023,member
100,892,2025,moderator
101,803,2019,member
101,539,2023,admin
101,678,2018,member
103,589,2023,member
103,434,2022,admin
104,106,2023,member
104,692,2022,admin
105,600,2019,member
105,758,2018,admin
106,671,2022,moderator
106,262,2022,member
107,341,2018,moderator
108,423,2023,admin
108,610,2021,member
108,953,2023,admin
108,370,2026,member
108,355,2018,admin
109,138,2025,moderator
109,680,2023,member
109,157,2025,moderator
110,957,2022,member
110,505,2020,member
111,726,2019,member
112,459,2020,member
113,832,2025,admin
113,831,2025,admin
113,255,2018,member
114,728,2023,member
114,292,2022,admin
115,583,2025,member
115,705,2019,moderator
115,755,2024,member
115,427,2021,admin
116,432,2025,member
118,227,2023,member
119,796,2018,moderator
119,462,2022,member
119,442,2020,member
119,458,2025,member
119,270,2025,moderator
120,825,2019,member
121,972,2021,member
121,116,2019,moderator
121,711,2018,member
121,643,2023,member
122,345,2023,member
122,570,2023,member
122,247,2024,member
122,810,2019,moderator
122,297,2026,member
123,814,2025,moderator
124,56,2026,admin
125,8,2022,admin
127,778,2018,member
127,735,2021,member
128,380,2023,moderator
128,933,2026,member
129,96,2025,admin
129,641,2021,member
129,736,2024,admin
130,48,2021,member
131,431,2026,admin
131,37,2026,member
131,537,2018,member
133,781,2026,member
134,96,2023,member
134,111,2020,member
136,34,2021,member
137,964,2021,moderator
137,585,2018,member
137,444,2018,member
138,652,2026,member
138,459,2019,admin
139,217,2022,member
139,541,2025,admin
141,792,2024,member
141,464,2022,member
141,443,2018,admin
142,525,2019,member
143,761,2024,moderator
144,285,2020,moderator
145,869,2018,member
146,573,2020,moderator
146,199,2024,moderator
147,609,2023,admin
149,486,2022,member
149,455,2020,member
149,845,2024,admin
150,91,2022,member
151,625,2021,admin
152,343,2019,member
152,256,2023,moderator
153,670,2020,member
154,11,2020,moderator
154,965,2018,admin
155,825,2024,moderator
155,385,2024,admin
155,275,2019,member
155,785,2026,member
155,979,2020,admin
156,150,2020,member
156,249,2024,admin
156,681,2025,member
159,236,2026,member
159,498,2018,moderator
160,66,2024,moderator
160,209,2022,admin
160,528,2023,moderator
161,53,2022,member
161,951,2023,admin
162,820,2023,moderator
163,668,2023,moderator
163,840,2026,moderator
163,683,2026,member
165,69,2020,moderator
166,491,2024,member
166,668,2022,admin
167,992,2024,member
170,262,2024,member
172,260,2020,member
175,523,2019,member
175,442,2020,member
175,454,2021,member
175,257,2019,admin
175,467,2019,admin
176,356,2023,moderator
176,687,2023,member
176,967,2021,member
176,674,2023,admin
176,23,2023,member
177,641,2021,member
177,270,2020,admin
178,952,2024,moderator
178,488,2021,member
179,688,2018,member
179,606,2020,member
179,709,2021,admin
179,734,2019,member
180,943,2026,admin
181,755,2023,member
181,844,2020,admin
181,503,2019,admin
181,45,2022,member
181,40,2025,member
182,786,2023,admin
182,417,2018,member
183,485,2023,admin
183,20,2024,member
183,721,2019,member
183,185,2021,member
184,516,2022,member
184,842,2025,moderator
184,199,2023,member
184,46,2021,member
185,12,2020,member
187,467,2023,member
187,295,2025,member
188,458,2021,member
190,625,2020,moderator
191,820,2019,member
192,422,2023,moderator
193,180,2019,moderator
193,227,2023,member
193,207,2026,member
193,412,2024,member
194,334,2023,member
196,143,2018,member
196,916,2024,moderator
197,148,2023,member
197,466,2018,member
197,742,2023,moderator
198,43,2018,member
198,437,2025,member
199,995,2026,member
199,183,2024,moderator
199,86,2021,member
200,374,2021,member
200,819,2018,member
200,815,2022,admin
200,193,2022,admin
200,589,2023,member
201,429,2018,moderator
201,339,2022,member
201,485,2020,member
201,838,2026,member
203,406,2022,moderator
204,803,2023,member
204,343,2018,member
204,644,2018,member
206,928,2022,admin
206,67,2026,member
206,331,2023,member
208,292,2024,member
209,230,2021,member
209,427,2023,moderator
209,208,2023,member
211,55,2026,member
211,3,2019,moderator
211,592,2022,member
212,460,2020,member
212,34,2025,member
213,765,2019,member
213,277,2023,admin
213,452,2020,admin
213,63,2021,member
214,643,2019,moderator
214,840,2026,member
214,579,2024,admin
214,763,2019,moderator
214,482,2024,admin
215,38,2023,admin
217,243,2021,member
217,992,2019,member
217,706,2023,member
217,793,2019,moderator
217,577,2026,member
218,667,2019,moderator
219,911,2022,moderator
219,385,2018,admin
220,837,2022,member
220,264,2024,member
221,821,2023,member
221,645,2023,admin
221,304,2021,member
222,680,2024,member
222,510,2018,admin
223,185,2018,moderator
224,664,2024,member
224,329,2020,moderator
226,164,2020,moderator
226,421,2019,member
226,27,2026,moderator
227,886,2019,member
227,21,2021,moderator
228,602,2022,admin
228,665,2018,admin
228,70,2019,moderator
228,604,2018,member
229,140,2020,admin
229,512,2018,member
229,707,2026,moderator
229,416,2025,moderator
230,804,2025,member
230,51,2024,admin
230,87,2020,member
230,285,2019,admin
231,664,2024,member
232,988,2025,moderator
233,326,2023,moderator
234,577,2020,member
234,703,2018,member
234,115,2019,member
235,246,2025,member
236,802,2020,member
236,687,2018,member
236,625,2025,member
238,273,2026,moderator
238,901,2025,member
239,124,2026,member
240,502,2022,admin
240,745,2025,member
240,509,2025,moderator
241,383,2023,admin
241,885,2022,member
242,382,2025,member
242,396,2020,member
246,714,2024,member
247,592,2019,member
248,503,2019,admin
250,600,2021,member
251,695,2018,member
252,252,2026,moderator
252,784,2026,member
254,544,2026,moderator
254,136,2023,member
255,864,2023,member
256,176,2018,member
257,284,2026,moderator
257,795,2022,moderator
258,117,2026,member
258,191,2024,admin
259,604,2023,member
259,202,2025,member
259,298,2020,member
259,764,2020,admin
260,452,2025,admin
261,928,2018,member
262,284,2025,member
262,703,2018,member
263,494,2025,moderator
264,577,2022,member
264,81,2019,member
264,470,2022,member
265,327,2021,member
266,948,2019,member
267,507,2020,moderator
267,361,2020,member
267,33,2022,admin
269,390,2023,moderator
269,606,2023,moderator
269,719,2020,admin
270,205,2019,moderator
271,912,2025,member
271,847,2026,admin
272,17,2024,admin
273,234,2022,member
273,793,2019,member
273,945,2019,member
274,879,2025,admin
275,638,2023,member
275,198,2020,member
276,2,2019,admin
276,110,2026,admin
276,872,2024,admin
276,538,2019,member
276,819,2020,admin
277,460,2023,member
278,816,2019,member
278,515,2019,member
279,39,2022,moderator
279,876,2023,moderator
279,194,2018,member
280,858,2020,moderator
280,422,2020,member
280,294,2023,member
280,862,2022,moderator
281,4,2021,member
281,934,2022,moderator
281,183,2020,member
281,985,2021,admin
281,127,2022,member
282,881,2025,member
282,86,2022,member
283,393,2018,admin
284,854,2018,member
284,949,2024,member
284,266,2021,admin
284,484,2026,member
284,702,2018,moderator
285,793,2019,moderator
285,367,2021,member
287,781,2019,member
290,110,2025,member
291,393,2026,member
292,346,2019,admin
292,447,2023,member
292,260,2019,member
292,681,2021,member
293,369,2018,member
294,963,2019,member
294,612,2024,member
295,450,2019,member
295,663,2025,admin
298,756,2022,admin
301,119,2019,member
301,659,2020,admin
302,623,2026,member
302,277,2022,member
303,770,2019,member
304,985,2024,admin
304,371,2021,admin
304,711,2019,member
304,721,2020,moderator
305,6,2019,member
306,32,2018,member
306,111,2018,admin
306,462,2026,member
306,310,2022,moderator
307,516,2026,moderator
307,526,2024,member
308,557,2026,member
308,76,2025,member
309,615,2025,member
309,128,2019,moderator
309,254,2022,member
309,678,2019,member
309,395,2021,member
310,574,2019,member
310,671,2021,member
310,27,2026,member
311,223,2026,member
311,105,2021,member
311,368,2020,admin
311,413,2022,member
312,152,2022,moderator
312,903,2020,moderator
312,744,2025,member
313,800,2018,member
313,162,2023,member
314,991,2021,admin
314,776,2024,moderator
314,903,2018,moderator
314,260,2025,moderator
314,163,2018,member
315,634,2021,admin
315,941,2026,moderator
315,750,2024,moderator
316,310,2025,moderator
316,54,2020,member
316,995,2018,moderator
316,553,2023,member
317,864,2018,member
317,705,2021,member
317,54,2023,member
319,824,2025,member
319,773,2022,moderator
319,613,2020,member
320,443,2023,member
321,448,2026,admin
321,763,2021,admin
321,831,2020,moderator
321,683,2024,member
322,327,2020,member
322,717,2026,member
323,174,2021,moderator
323,815,2021,member
323,951,2025,admin
323,524,2024,admin
325,756,2020,member
325,941,2023,moderator
325,41,2021,member
325,281,2026,admin
326,593,2019,member
326,241,2024,admin
327,691,2021,member
327,83,2021,member
328,738,2018,moderator
328,59,2018,moderator
328,355,2025,member
330,941,2022,admin
330,793,2022,admin
331,812,2024,member
331,935,2023,moderator
332,427,2024,member
333,244,2018,member
333,560,2023,member
333,957,2022,admin
334,368,2022,member
336,341,2023,member
338,194,2023,admin
338,725,2019,member
338,36,2022,member
338,761,2024,member
339,363,2019,member
339,113,2024,moderator
339,943,2022,member
341,882,2024,member
342,365,2018,member
343,258,2021,moderator
343,67,2020,member
343,504,2021,member
345,499,2025,member
345,864,2021,member
345,515,2021,admin
345,806,2019,member
346,452,2026,admin
346,65,2021,member
347,315,2023,member
347,691,2019,member
347,454,2020,moderator
347,760,2023,admin
347,699,2024,member
348,510,2021,member
348,913,2019,member
348,837,2021,member
349,108,2024,member
349,920,2021,member
349,17,2024,member
349,548,2022,member
349,516,2018,member
350,546,2018,member
350,98,2024,member
350,522,2026,member
350,821,2019,member
351,133,2022,member
351,70,2022,member
351,513,2026,member
351,157,2025,member
353,433,2019,moderator
354,482,2025,member
354,546,2020,member
355,622,2025,member
356,132,2018,member
358,508,2022,member
359,315,2019,member
359,313,2024,member
359,133,2019,member
360,302,2019,member
360,864,2022,member
360,405,2021,member
360,2,2021,member
361,984,2025,admin
362,49,2025,member
363,131,2023,moderator
363,696,2025,member
363,238,2019,moderator
364,800,2019,admin
365,615,2026,moderator
365,913,2026,moderator
365,777,2025,moderator
365,573,2025,moderator
366,886,2025,moderator
366,66,2019,member
366,223,2021,admin
366,513,2026,member
367,588,2025,member
367,229,2018,member
368,231,2022,member
368,40,2019,admin
369,350,2026,moderator
370,828,2025,member
370,849,2022,member
370,87,2026,admin
370,661,2018,moderator
370,755,2024,member
371,42,2019,member
371,254,2025,member
371,642,2026,member
372,929,2019,admin
372,583,2023,member
373,738,2023,member
373,144,2022,admin
373,34,2021,member
374,459,2023,member
374,84,2018,moderator
375,322,2024,moderator
377,757,2023,member
377,480,2025,admin
377,987,2022,member
377,651,2018,member
377,77,2023,member
378,774,2023,member
378,225,2022,member
378,690,2025,admin
379,694,2025,admin
379,424,2026,admin
379,467,2020,member
380,819,2018,moderator
380,109,2020,member
380,781,2022,member
380,948,2022,moderator
380,33,2019,member
381,303,2025,member
381,413,2025,admin
381,109,2018,member
383,976,2024,moderator
383,711,2025,member
383,319,2026,moderator
383,566,2022,member
385,789,2022,member
386,985,2022,admin
386,510,2026,moderator
386,61,2025,member
386,713,2019,member
387,515,2021,member
387,475,2020,member
387,478,2025,member
387,798,2022,member
387,15,2021,member
388,138,2024,moderator
388,316,2026,admin
389,896,2018,member
389,495,2018,member
389,674,2021,admin
389,914,2019,moderator
389,263,2025,admin
390,759,2020,member
390,513,2024,admin
392,290,2026,member
392,876,2019,member
394,787,2021,member
394,296,2021,member
395,945,2023,member
395,366,2026,member
395,706,2020,moderator
395,389,2023,admin
397,59,2021,moderator
397,23,2022,member
397,252,2020,member
397,278,2024,moderator
398,996,2023,member
399,323,2019,member
400,75,2023,member
403,943,2018,member
403,923,2018,moderator
406,666,2018,member
406,598,2023,member
406,209,2020,member
407,317,2024,moderator
407,272,2021,member
407,168,2021,admin
407,663,2022,member
407,886,2023,moderator
409,112,2022,member
409,987,2020,moderator
409,702,2019,admin
409,321,2022,member
410,450,2023,admin
411,412,2023,member
411,543,2026,member
411,131,2022,admin
411,738,2022,member
411,657,2020,member
413,380,2021,member
414,711,2023,member
414,212,2026,admin
417,324,2026,member
417,47,2025,member
417,894,2023,member
417,510,2022,member
418,288,2025,moderator
419,260,2022,admin
419,293,2024,member
420,252,2024,member
420,35,2018,member
420,314,2024,member
421,545,2026,member
422,560,2024,member
423,688,2021,moderator
423,469,2025,admin
423,373,2021,admin
423,826,2023,member
423,374,2024,member
424,144,2018,member
424,125,2018,moderator
426,830,2023,member
427,45,2024,member
427,95,2021,member
428,762,2025,admin
428,259,2020,moderator
428,480,2020,member
428,32,2019,moderator
429,128,2024,member
430,381,2018,member
431,710,2022,member
431,796,2026,admin
431,599,2022,member
432,471,2021,moderator
432,571,2019,moderator
432,587,2022,admin
432,367,2024,member
432,160,2023,member
433,767,2023,admin
433,918,2023,moderator
434,897,2025,member
434,119,2019,moderator
434,178,2022,member
435,110,2026,member
438,924,2021,admin
438,25,2021,moderator
438,166,2020,moderator
439,473,2024,member
440,785,2018,member
440,683,2024,member
440,284,2023,member
442,237,2019,member
442,517,2018,member
445,135,2020,member
445,545,2025,member
445,736,2023,admin
445,618,2023,member
446,955,2020,moderator
446,539,2024,moderator
446,736,2025,member
448,326,2022,member
448,716,2021,moderator
450,733,2021,admin
450,452,2024,admin
450,533,2020,member
451,353,2020,moderator
451,123,2018,moderator
451,43,2025,member
451,13,2019,member
453,258,2026,moderator
453,977,2024,member
454,509,2019,member
455,488,2018,member
455,255,2020,member
455,115,2026,admin
455,993,2026,member
457,32,2023,member
457,682,2025,admin
458,239,2025,moderator
459,927,2025,member
459,234,2022,member
459,108,2022,admin
459,134,2023,member
460,786,2025,member
460,164,2018,admin
460,701,2020,moderator
460,707,2026,member
465,490,2020,member
465,88,2026,admin
465,893,2022,member
467,659,2023,admin
467,717,2024,member
469,833,2023,admin
470,916,2025,member
470,639,2019,moderator
470,529,2023,moderator
470,739,2018,member
473,539,2018,admin
473,552,2022,member
473,59,2025,member
473,814,2018,member
473,445,2022,member
474,956,2026,moderator
474,25,2025,member
474,49,2026,moderator
474,455,2023,member
474,526,2026,member
475,6,2019,member
475,602,2023,member
475,347,2022,admin
475,589,2025,member
475,772,2021,moderator
476,299,2024,member
477,514,2024,member
479,295,2018,member
479,786,2021,admin
479,707,2022,member
479,138,2018,member
480,150,2024,member
480,109,2021,member
480,499,2021,admin
480,898,2022,member
481,900,2024,moderator
482,35,2025,admin
483,574,2024,admin
483,689,2026,member
483,899,2026,member
483,712,2025,member
484,981,2019,member
484,770,2024,moderator
485,155,2022,member
485,440,2026,moderator
486,669,2025,admin
486,593,2023,member
487,54,2020,member
487,75,2021,member
488,273,2023,admin
489,151,2022,member
489,949,2025,admin
491,300,2018,moderator
492,206,2023,member
492,399,2026,moderator
493,806,2020,moderator
494,925,2018,member
494,604,2020,moderator
494,143,2021,member
494,776,2025,member
496,496,2020,member
498,28,2026,member
499,519,2023,admin
499,884,2019,member
500,723,2022,member
501,398,2024,member
503,742,2018,member
503,875,2025,admin
504,670,2018,member
506,276,2021,moderator
506,75,2023,member
506,841,2020,admin
506,933,2026,member
507,959,2026,member
508,696,2025,moderator
508,617,2018,moderator
509,437,2022,moderator
509,46,2019,member
509,26,2021,member
509,511,2025,member
510,803,2025,member
510,285,2022,member
510,751,2024,admin
510,606,2025,member
510,82,2024,member
511,720,2024,member
511,470,2019,member
512,725,2018,member
512,502,2022,member
512,820,2026,moderator
512,309,2024,member
513,298,2026,moderator
513,779,2022,member
514,501,2026,member
515,643,2026,admin
515,66,2025,member
515,257,2024,member
515,112,2022,admin
517,140,2021,admin
517,210,2026,member
519,25,2025,member
519,15,2021,member
520,7,2022,admin
520,297,2022,member
520,736,2024,moderator
521,495,2022,member
521,73,2025,moderator
521,373,2024,member
521,850,2022,member
521,848,2024,admin
522,237,2019,member
522,591,2024,member
523,669,2024,moderator
524,839,2024,member
524,684,2025,moderator
524,969,2024,moderator
524,461,2022,moderator
524,770,2024,member
525,129,2026,member
525,9,2020,admin
526,338,2023,member
528,295,2026,admin
529,138,2026,admin
529,608,2025,member
530,307,2022,member
530,759,2020,member
531,704,2026,member
532,425,2020,admin
532,912,2026,moderator
532,622,2021,admin
533,703,2022,member
535,144,2024,member
535,313,2018,member
535,425,2020,member
535,882,2022,member
538,581,2021,member
538,841,2018,member
538,920,2019,member
539,521,2024,member
539,270,2022,admin
539,685,2026,member
539,22,2023,admin
540,381,2022,member
540,137,2020,admin
541,352,2019,member
543,959,2023,moderator
543,260,2026,member
544,960,2025,admin
545,205,2019,member
545,666,2023,member
545,514,2024,moderator
545,468,2024,member
546,209,2026,admin
546,828,2023,admin
546,862,2024,member
548,946,2024,member
548,145,2019,admin
548,335,2019,moderator
550,957,2025,moderator
550,618,2020,admin
550,314,2021,moderator
550,650,2026,member
552,371,2019,moderator
552,857,2025,member
553,579,2018,member
554,5,2025,member
554,135,2018,admin
554,671,2023,member
554,953,2018,member
555,677,2020,member
555,466,2020,member
556,821,2019,admin
556,375,2018,member
556,653,2023,moderator
558,741,2022,moderator
559,155,2024,member
559,37,2024,moderator
559,97,2021,member
560,695,2018,admin
560,362,2020,member
564,552,2019,member
567,321,2026,member
567,968,2019,member
568,63,2026,member
568,145,2021,member
568,906,2018,moderator
568,290,2022,member
570,615,2020,admin
570,218,2018,admin
570,756,2025,member
570,888,2020,member
570,253,2022,member
571,807,2021,member
573,480,2019,admin
573,496,2020,member
574,720,2020,moderator
574,707,2025,member
574,248,2025,moderator
575,264,2025,moderator
578,970,2021,member
579,571,2019,member
580,100,2024,moderator
580,185,2024,member
581,700,2021,admin
582,791,2020,admin
583,474,2018,member
584,355,2021,member
584,61,2021,member
584,957,2018,moderator
584,658,2020,moderator
584,101,2026,admin
585,339,2020,member
585,517,2025,moderator
587,853,2020,admin
587,579,2018,member
587,72,2025,member
588,113,2023,admin
588,152,2021,admin
588,453,2023,member
589,943,2022,member
589,90,2019,member
590,690,2020,member
592,401,2023,admin
592,877,2019,member
592,670,2018,member
592,739,2022,member
592,690,2024,member
593,402,2021,member
593,274,2024,admin
593,298,2019,member
593,258,2020,member
594,946,2018,moderator
594,725,2020,member
594,8,2025,moderator
595,245,2025,admin
595,327,2018,admin
595,161,2025,admin
596,494,2019,member
597,224,2026,member
597,193,2021,member
599,922,2024,member
599,62,2020,member
600,882,2025,moderator
600,435,2023,member
601,565,2024,member
602,567,2022,moderator
602,674,2018,member
603,823,2024,member
604,729,2022,moderator
605,808,2024,admin
606,843,2019,member
607,421,2021,member
609,209,2023,member
610,528,2025,moderator
610,376,2024,member
610,111,2023,admin
610,807,2024,member
611,13,2021,member
611,43,2025,member
611,805,2020,member
612,405,2022,admin
612,755,2022,member
614,189,2020,member
614,995,2019,member
615,492,2023,member
616,134,2025,moderator
616,236,2024,member
617,292,2020,moderator
618,59,2020,admin
619,48,2025,member
619,559,2020,admin
619,80,2026,member
619,226,2019,member
620,206,2020,member
620,371,2021,admin
622,379,2019,member
622,34,2024,member
623,27,2024,admin
623,472,2023,member
624,944,2025,admin
624,559,2021,member
625,413,2018,member
625,469,2025,admin
625,704,2020,member
626,442,2024,moderator
627,705,2021,moderator
627,576,2018,admin
628,216,2024,admin
628,531,2020,member
629,17,2020,member
629,543,2024,member
629,335,2025,member
629,344,2024,moderator
630,871,2021,member
630,150,2023,moderator
631,163,2022,moderator
631,500,2026,admin
631,251,2020,moderator
632,746,2021,member
632,699,2022,member
632,277,2024,moderator
632,479,2024,member
632,182,2018,member
634,614,2026,member
634,747,2024,admin
634,762,2024,member
634,396,2026,admin
634,90,2024,admin
635,979,2020,member
635,483,2022,admin
635,966,2022,member
636,697,2023,member
636,958,2026,moderator
636,816,2023,moderator
637,236,2018,admin
637,684,2026,member
637,307,2021,member
637,280,2026,member
638,125,2021,member
638,405,2025,moderator
639,824,2021,moderator
639,139,2025,admin
640,254,2018,member
640,647,2020,member
640,994,2018,member
640,625,2024,member
640,565,2019,admin
641,185,2020,member
641,32,2019,member
641,7,2020,member
644,405,2021,member
644,653,2022,member
644,779,2026,member
644,703,2019,member
645,188,2019,admin
645,251,2024,moderator
647,188,2018,member
647,638,2019,moderator
647,357,2025,member
647,619,2024,admin
648,15,2018,member
648,8,2019,moderator
648,716,2024,member
649,905,2020,member
649,218,2022,admin
649,841,2021,member
649,776,2021,admin
650,493,2019,member
650,117,2022,moderator
650,382,2022,moderator
650,936,2019,member
651,642,2026,moderator
651,60,2018,member
652,546,2020,member
652,991,2022,member
654,751,2026,member
655,559,2022,admin
655,956,2019,member
655,745,2021,member
655,207,2019,moderator
656,13,2021,member
656,26,2022,member
656,384,2026,member
658,359,2025,moderator
658,192,2020,member
658,729,2020,member
659,91,2024,moderator
659,226,2023,member
659,115,2020,admin
659,102,2021,member
660,506,2019,moderator
660,696,2025,admin
660,28,2019,member
660,104,2024,moderator
661,760,2020,admin
661,550,2018,member
661,422,2023,member
662,520,2024,member
663,443,2018,member
663,454,2020,member
663,240,2022,member
664,827,2023,member
664,954,2018,member
665,13,2026,member
665,370,2019,member
665,811,2023,member
665,203,2025,member
665,80,2023,member
666,514,2020,admin
666,328,2022,moderator
667,458,2026,member
667,64,2024,moderator
667,239,2025,member
667,801,2018,admin
667,509,2021,member
668,403,2022,member
668,280,2023,admin
668,676,2021,member
669,918,2018,member
670,168,2020,moderator
670,453,2025,member
671,141,2019,admin
671,562,2021,member
671,192,2018,member
671,579,2019,member
671,27,2020,member
672,262,2021,moderator
672,29,2026,member
672,438,2019,admin
672,917,2018,member
674,411,2023,member
676,731,2022,moderator
676,852,2019,member
677,685,2022,admin
677,403,2023,moderator
678,935,2026,moderator
678,523,2021,member
680,813,2018,member
680,261,2022,admin
680,850,2019,member
680,58,2026,admin
680,459,2019,admin
683,972,2023,moderator
683,865,2025,moderator
683,281,2025,moderator
683,841,2024,member
683,931,2023,member
684,409,2018,member
685,582,2019,moderator
685,157,2024,member
686,955,2025,moderator
687,42,2020,member
687,133,2026,member
687,906,2022,member
688,313,2025,moderator
688,463,2020,member
688,517,2021,member
688,895,2018,admin
688,167,2023,admin
689,187,2022,admin
689,545,2026,moderator
690,370,2025,member
690,726,2025,member
690,515,2021,member
691,348,2025,member
691,718,2020,member
693,249,2024,member
693,590,2026,member
693,516,2024,member
693,411,2026,member
694,694,2025,member
695,239,2024,member
695,327,2020,member
696,567,2026,moderator
696,751,2025,moderator
698,485,2021,member
698,255,2022,member
698,342,2024,member
698,997,2018,member
698,888,2024,moderator
700,61,2019,member
701,137,2024,member
701,95,2022,member
701,384,2020,moderator
702,176,2026,admin
703,909,2021,member
704,33,2022,member
705,372,2019,member
706,893,2022,member
709,911,2022,member
710,341,2019,admin
710,490,2026,member
710,657,2020,member
710,296,2024,member
710,171,2026,member
711,77,2019,moderator
711,166,2022,moderator
711,640,2020,member
711,114,2024,member
713,514,2020,member
713,453,2025,member
714,668,2026,moderator
715,661,2019,member
716,3,2018,moderator
717,123,2022,member
718,667,2022,moderator
718,78,2020,member
718,817,2018,member
718,542,2025,admin
718,226,2020,member
719,202,2019,member
720,94,2024,member
720,144,2021,moderator
720,258,2026,moderator
721,316,2019,member
721,211,2024,member
721,763,2024,moderator
721,49,2024,member
721,838,2018,moderator
722,610,2025,member
722,642,2019,member
722,424,2019,admin
722,249,2025,admin
723,644,2024,member
723,38,2022,moderator
723,396,2019,member
723,347,2018,member
723,10,2019,member
724,143,2021,member
725,2,2022,member
727,170,2026,moderator
727,572,2026,member
727,951,2020,member
727,831,2020,member
727,636,2026,moderator
728,271,2026,member
728,766,2020,member
728,719,2018,moderator
728,632,2024,moderator
729,834,2025,admin
729,652,2022,member
734,140,2025,member
734,264,2025,member
734,402,2021,admin
734,15,2024,member
735,363,2020,admin
735,593,2023,admin
735,378,2022,moderator
736,676,2025,admin
736,482,2026,member
736,715,2021,member
736,448,2023,member
736,219,2025,moderator
737,676,2026,member
737,841,2024,moderator
738,481,2022,member
740,620,2026,member
740,280,2023,member
741,837,2018,member
741,868,2023,moderator
741,236,2018,member
742,786,2024,admin
742,565,2024,moderator
743,876,2021,member
743,633,2022,moderator
743,430,2024,member
744,335,2020,member
744,866,2018,member
744,84,2026,member
744,817,2020,moderator
747,672,2022,member
748,898,2020,member
748,804,2023,admin
749,514,2023,admin
750,330,2023,member
750,416,2023,member
751,657,2025,admin
751,251,2023,member
751,482,2025,moderator
751,792,2023,member
752,229,2022,admin
752,498,2023,member
753,175,2020,member
754,763,2025,admin
754,565,2018,member
754,850,2025,member
754,298,2020,member
754,430,2025,admin
755,930,2022,admin
755,180,2024,member
755,637,2020,member
756,407,2018,member
756,509,2018,member
756,261,2026,member
757,449,2018,member
758,778,2023,admin
758,92,2019,member
759,425,2023,moderator
760,227,2023,member
760,858,2021,admin
760,712,2025,moderator
760,557,2021,member
762,73,2022,member
763,766,2022,member
763,172,2026,member
763,23,2020,member
764,252,2021,member
765,79,2025,admin
765,71,2025,member
765,540,2025,member
765,614,2026,member
766,924,2021,member
766,358,2026,member
766,618,2022,member
767,628,2019,moderator
767,68,2018,member
767,493,2021,member
769,299,2022,member
769,289,2024,moderator
769,89,2018,member
769,542,2018,admin
770,90,2026,admin
770,228,2018,member
770,483,2019,member
770,933,2021,moderator
771,1000,2024,moderator
771,741,2025,moderator
772,874,2023,moderator
772,427,2024,member
773,306,2023,admin
774,214,2026,member
774,257,2023,member
774,922,2021,member
774,986,2019,member
775,144,2023,member
775,391,2021,member
775,640,2018,admin
775,210,2020,member
776,194,2019,member
776,669,2023,member
776,969,2022,admin
777,765,2018,moderator
779,18,2024,member
780,433,2022,member
780,15,2023,member
780,395,2022,member
780,451,2026,moderator
781,110,2024,member
782,251,2022,member
782,753,2025,admin
783,56,2022,member
783,179,2024,admin
784,490,2020,member
787,817,2023,admin
788,465,2019,member
788,474,2023,admin
790,785,2026,admin
791,606,2022,admin
791,686,2023,member
791,912,2024,member
791,848,2019,admin
792,857,2024,member
793,443,2021,admin
793,258,2018,member
793,786,2022,member
793,330,2023,member
793,148,2022,member
794,900,2025,admin
794,875,2023,member
794,756,2022,moderator
794,539,2018,member
794,385,2026,admin
795,500,2023,member
795,614,2019,member
796,962,2018,admin
797,234,2020,member
797,434,2018,member
797,502,2026,member
799,683,2025,member
799,79,2025,member
799,473,2022,moderator
801,424,2019,member
802,13,2020,member
802,765,2024,member
802,500,2023,moderator
803,182,2025,member
804,184,2026,member
805,779,2025,admin
805,576,2023,member
805,773,2023,member
805,410,2024,moderator
806,521,2023,member
806,72,2025,member
807,374,2024,member
807,856,2024,moderator
807,426,2026,admin
808,45,2021,moderator
808,580,2022,moderator
808,246,2018,member
808,431,2023,member
810,885,2019,member
811,343,2024,member
813,381,2019,admin
815,414,2019,admin
817,657,2025,member
817,727,2026,moderator
817,440,2025,admin
817,926,2022,admin
817,582,2025,admin
818,520,2024,member
818,643,2019,admin
818,622,2024,member
821,267,2021,moderator
821,726,2020,member
822,834,2019,moderator
822,577,2022,member
822,750,2021,member
823,138,2018,member
823,495,2025,moderator
823,289,2021,member
823,416,2019,admin
823,601,2026,moderator
824,699,2018,admin
825,355,2021,moderator
827,178,2024,member
827,198,2023,moderator
827,13,2025,member
828,362,2025,member
828,503,2024,admin
829,171,2026,member
829,785,2019,member
829,623,2022,member
830,727,2020,moderator
830,37,2021,member
830,223,2021,member
830,876,2022,admin
832,886,2024,member
833,333,2021,member
833,131,2024,member
833,700,2019,admin
834,771,2018,member
834,155,2026,member
835,440,2023,admin
835,878,2024,member
835,845,2019,admin
836,941,2019,member
838,515,2018,member
838,781,2024,moderator
838,81,2024,moderator
838,478,2021,moderator
838,497,2022,moderator
841,425,2023,admin
842,345,2021,member
842,11,2025,admin
845,285,2021,moderator
845,32,2023,member
845,853,2023,member
846,111,2020,member
846,676,2023,member
846,206,2025,member
847,851,2019,admin
848,49,2021,member
848,833,2023,moderator
849,569,2025,member
849,64,2020,moderator
850,291,2022,admin
851,513,2020,admin
851,365,2026,member
852,922,2018,member
852,174,2023,member
853,479,2025,moderator
854,589,2019,member
855,87,2024,member
856,860,2023,member
857,171,2020,moderator
857,982,2019,admin
858,673,2018,member
858,276,2022,admin
858,726,2022,admin
859,195,2022,member
859,688,2025,moderator
859,873,2024,moderator
861,941,2024,member
861,556,2023,member
861,549,2018,admin
861,865,2019,member
862,738,2025,admin
862,410,2021,member
863,578,2023,admin
863,714,2021,moderator
863,667,2018,member
863,997,2022,member
863,760,2020,moderator
865,576,2023,member
866,723,2026,moderator
867,959,2020,member
867,449,2020,member
868,925,2021,admin
868,229,2026,member
868,949,2019,member
868,650,2018,admin
869,406,2025,moderator
869,873,2021,moderator
872,229,2022,admin
872,303,2021,moderator
873,495,2018,moderator
874,594,2018,member
874,645,2024,member
875,294,2021,admin
875,860,2024,moderator
876,326,2024,moderator
876,267,2021,admin
877,402,2022,admin
879,350,2026,moderator
879,278,2021,member
879,436,2023,admin
879,916,2026,moderator
879,563,2026,member
882,97,2020,admin
883,433,2020,member
883,860,2022,moderator
883,904,2026,member
883,430,2018,admin
884,53,2022,member
885,799,2023,admin
885,301,2025,member
885,396,2018,member
885,126,2019,admin
886,990,2018,moderator
886,911,2021,admin
886,948,2026,member
887,452,2021,member
888,290,2024,admin
888,250,2021,admin
888,865,2018,admin
889,108,2019,admin
889,216,2026,member
890,388,2020,member
890,510,2021,member
890,70,2023,member
890,537,2020,admin
890,225,2022,member
891,70,2019,member
892,597,2023,admin
892,672,2022,member
892,43,2022,member
892,202,2022,member
892,774,2020,member
893,637,2018,member
893,640,2020,member
894,727,2024,moderator
894,459,2024,moderator
896,852,2026,admin
896,170,2023,member
897,800,2018,member
897,972,2025,admin
897,852,2021,admin
897,318,2025,member
898,717,2021,member
899,523,2024,member
899,202,2020,admin
900,649,2025,member
900,639,2020,moderator
900,894,2024,member
901,899,2025,member
901,5,2023,member
902,565,2019,member
902,334,2021,member
904,425,2023,moderator
904,58,2025,moderator
905,506,2026,admin
905,74,2020,member
905,608,2021,member
905,140,2020,admin
906,455,2018,member
906,328,2026,admin
906,824,2020,member
906,449,2018,member
906,277,2024,member
907,501,2026,moderator
909,174,2025,member
909,273,2024,member
909,778,2023,moderator
909,612,2019,member
910,289,2022,member
910,591,2019,member
910,862,2023,member
910,425,2025,member
910,489,2020,member
911,308,2022,admin
912,877,2020,moderator
912,331,2018,member
913,375,2019,member
913,972,2023,moderator
913,107,2025,member
913,781,2021,admin
914,77,2022,moderator
914,328,2025,member
914,471,2023,member
914,439,2024,admin
916,208,2021,member
916,517,2021,member
917,720,2018,member
918,328,2024,member
918,522,2021,member
918,976,2023,moderator
919,247,2021,admin
920,251,2023,member
920,308,2022,member
921,348,2023,member
921,79,2025,admin
922,654,2026,member
922,137,2021,member
922,413,2022,member
922,197,2025,member
922,549,2024,member
923,766,2020,admin
923,688,2024,admin
923,400,2025,member
924,741,2020,member
924,825,2025,member
925,570,2023,member
926,776,2020,moderator
926,455,2026,member
927,889,2019,admin
927,194,2020,member
928,975,2020,member
928,288,2020,admin
928,93,2018,moderator
930,594,2022,member
931,370,2022,member
931,282,2026,admin
931,350,2020,member
931,377,2026,admin
932,939,2018,member
932,245,2021,member
932,88,2024,member
932,268,2018,member
933,163,2025,member
933,518,2023,member
933,155,2018,member
933,442,2025,admin
934,560,2025,member
934,975,2024,admin
934,390,2024,member
934,369,2019,member
936,376,2024,member
936,62,2026,moderator
936,538,2026,member
937,984,2021,member
938,52,2026,admin
942,450,2020,admin
943,667,2022,moderator
943,656,2025,member
944,80,2024,member
945,873,2026,member
946,106,2025,member
947,991,2026,member
947,914,2021,member
947,156,2024,member
948,528,2022,moderator
948,846,2022,admin
951,246,2021,member
951,261,2021,member
951,874,2018,member
951,668,2024,moderator
952,385,2024,member
953,995,2023,member
953,148,2019,member
953,537,2018,admin
953,281,2023,moderator
953,372,2024,member
955,78,2019,member
955,783,2026,member
956,82,2024,moderator
956,38,2018,member
958,7,2022,moderator
959,653,2025,member
959,107,2023,member
960,650,2019,moderator
960,640,2020,member
961,988,2018,moderator
962,504,2026,admin
963,482,2021,member
964,441,2020,member
964,358,2020,member
964,58,2026,admin
964,896,2021,member
965,261,2018,moderator
968,704,2026,member
968,476,2018,member
968,775,2021,member
968,176,2023,member
968,632,2024,moderator
969,259,2026,member
970,228,2021,member
971,83,2025,admin
971,261,2023,member
972,830,2019,member
973,819,2026,member
973,888,2022,admin
976,520,2026,member
976,982,2023,member
976,688,2018,admin
977,697,2020,member
977,363,2025,moderator
978,124,2020,moderator
978,996,2024,member
979,47,2023,member
980,234,2020,member
980,730,2019,member
981,303,2020,member
981,245,2018,member
981,56,2025,member
981,253,2024,member
982,246,2026,member
982,575,2022,member
982,236,2021,moderator
983,364,2021,admin
983,264,2022,member
984,576,2026,member
984,776,2021,member
984,365,2018,admin
984,756,2024,member
985,295,2021,member
985,570,2018,admin
985,422,2023,member
985,672,2023,member
986,279,2026,moderator
986,960,2019,member
986,688,2018,member
989,500,2020,member
992,264,2025,admin
993,582,2019,moderator
993,110,2019,moderator
993,709,2022,member
995,366,2026,member
995,404,2026,moderator
995,541,2023,moderator
996,491,2022,admin
996,301,2024,moderator
996,800,2024,member
997,225,2024,moderator
998,786,2025,member
998,300,2019,member
998,872,2018,admin
1001,609,2021,admin
1002,365,2020,admin
1002,861,2022,member
1003,595,2021,member
1006,793,2023,moderator
1007,383,2024,admin
1007,136,2022,admin
1007,707,2018,member
1007,941,2019,moderator
1007,441,2021,moderator
1008,72,2023,member
1008,471,2022,admin
1010,500,2024,member
1012,970,2021,member
1012,528,2021,admin
1012,236,2023,member
1012,775,2023,member
1013,904,2018,admin
1013,870,2026,member
1013,407,2021,member
1014,573,2025,member
1014,857,2022,member
1016,830,2025,member
1017,337,2025,member
1017,279,2025,moderator
1019,976,2024,moderator
1019,631,2026,member
1019,41,2022,member
1020,399,2025,moderator
1020,881,2021,admin
1020,345,2024,member
1020,589,2018,member
1021,257,2025,member
1021,22,2024,admin
1021,352,2019,member
1022,764,2022,member
1022,21,2025,member
1023,655,2022,member
1025,934,2026,admin
1025,166,2025,moderator
1025,825,2019,moderator
1025,107,2019,moderator
1026,474,2020,member
1027,316,2019,member
1029,340,2026,moderator
1029,451,2025,member
1030,395,2020,admin
1030,336,2019,admin
1030,829,2020,admin
1030,489,2019,member
1030,711,2025,admin
1031,869,2026,member
1031,547,2020,member
1032,690,2019,admin
1032,597,2024,member
1033,300,2023,admin
1033,103,2023,member
1035,64,2022,member
1035,724,2025,moderator
1035,814,2021,member
1036,378,2024,moderator
1036,580,2018,moderator
1037,446,2022,member
1037,770,2026,member
1037,638,2022,member
1037,855,2018,member
1039,38,2023,moderator
1039,804,2018,member
1039,456,2021,member
1041,993,2018,moderator
1042,622,2024,admin
1042,498,2020,member
1042,163,2026,admin
1043,339,2022,member
1043,768,2025,member
1043,812,2022,member
1044,729,2020,member
1044,498,2019,admin
1044,590,2025,member
1044,843,2024,moderator
1044,759,2023,member
1045,963,2023,admin
1046,473,2021,moderator
1046,857,2019,member
1046,574,2023,member
1046,720,2020,member
1047,605,2024,moderator
1047,57,2025,member
1048,200,2024,member
1048,732,2019,moderator
1049,230,2018,member
1051,359,2018,member
1051,387,2019,member
1051,977,2019,moderator
1051,813,2024,moderator
1051,61,2025,member
1053,1,2020,moderator
1053,449,2025,member
1053,114,2025,moderator
1054,981,2023,member
1055,816,2022,member
1056,470,2018,member
1056,162,2021,admin
1056,584,2026,member
1056,738,2025,moderator
1056,623,2025,moderator
1058,869,2020,member
1058,906,2022,member
1058,449,2019,moderator
1058,36,2021,admin
1060,432,2025,member
1060,280,2023,moderator
1062,827,2025,admin
1064,699,2018,moderator
1064,210,2019,member
1064,447,2023,member
1065,190,2019,member
1065,403,2022,member
1065,933,2025,member
1068,689,2024,moderator
1068,57,2025,moderator
1068,836,2024,member
1069,5,2023,member
1070,184,2019,moderator
1070,285,2022,member
1070,161,2023,member
1071,968,2024,member
1071,990,2025,admin
1071,513,2018,member
1072,70,2026,member
1072,246,2023,moderator
1073,119,2021,moderator
1074,455,2026,moderator
1074,878,2022,member
1074,572,2023,member
1078,753,2023,member
1079,9,2023,member
1079,373,2026,moderator
1079,988,2026,moderator
1079,980,2022,member
1079,161,2019,member
1080,352,2026,admin
1080,951,2024,member
1080,690,2023,admin
1081,155,2024,member
1082,26,2018,moderator
1083,343,2023,member
1083,682,2023,member
1084,780,2025,member
1084,975,2019,admin
1085,899,2026,member
1086,224,2020,moderator
1086,69,2021,member
1087,258,2023,admin
1087,827,2018,member
1087,889,2025,moderator
1088,115,2022,moderator
1088,203,2019,moderator
1088,961,2022,moderator
1091,938,2023,member
1091,442,2020,member
1091,789,2020,member
1092,793,2026,member
1092,461,2018,member
1092,41,2022,admin
1092,760,2019,member
1093,454,2026,admin
1093,75,2022,member
1094,569,2022,member
1094,616,2025,member
1094,901,2026,member
1095,916,2025,admin
1095,412,2021,member
1095,528,2018,admin
1095,113,2018,member
1096,826,2018,member
1096,607,2026,member
1097,275,2021,member
1097,17,2022,member
1098,35,2026,member
1099,915,2024,member
1099,50,2023,admin
1099,348,2024,admin
1100,650,2019,member
1100,189,2019,member
1101,425,2022,moderator
1104,165,2022,moderator
1104,935,2025,moderator
1105,148,2020,member
1105,518,2026,member
1105,118,2024,member
1107,274,2026,member
1107,637,2023,admin
1107,522,2019,member
1107,844,2024,member
1108,153,2019,member
1108,1,2024,member
1108,251,2024,member
1108,230,2025,member
1109,401,2026,member
1109,363,2021,member
1109,503,2022,admin
1110,870,2022,member
1110,59,2026,admin
1111,406,2019,moderator
1111,298,2022,member
1111,665,2018,admin
1112,897,2023,member
1113,134,2021,member
1113,788,2025,member
1113,131,2022,admin
1114,395,2020,moderator
1114,261,2019,member
1114,97,2023,member
1114,939,2025,member
1115,407,2019,admin
1116,705,2026,member
1116,331,2021,member
1116,876,2018,admin
1117,278,2022,member
1118,486,2023,admin
1118,528,2026,admin
1118,544,2019,admin
1120,393,2023,moderator
1121,183,2024,member
1121,380,2025,moderator
1122,143,2026,member
1122,246,2019,member
1122,425,2025,member
1123,261,2019,admin
1124,758,2023,member
1125,482,2026,member
1125,856,2020,member
1126,19,2025,member
1126,91,2018,moderator
1126,882,2020,admin
1126,466,2022,member
1127,19,2022,member
1127,137,2025,member
1127,767,2023,member
1127,396,2022,member
1128,860,2019,member
1128,658,2021,member
1128,289,2021,member
1128,714,2026,moderator
1128,253,2024,moderator
1129,653,2024,moderator
1129,52,2022,moderator
1129,910,2025,member
1129,435,2018,member
1131,303,2026,member
1131,2,2021,moderator
1131,565,2026,member
1131,236,2024,member
1132,658,2025,moderator
1132,560,2023,member
1132,458,2021,member
1134,606,2021,admin
1136,369,2025,moderator
1137,186,2025,member
1137,467,2023,moderator
1138,50,2026,admin
1138,169,2023,member
1138,110,2019,member
1139,289,2021,moderator
1139,539,2021,admin
1139,317,2021,admin
1139,443,2024,admin
1139,36,2025,admin
1140,895,2018,member
1140,305,2025,member
1140,181,2026,member
1140,831,2023,admin
1141,319,2025,member
1141,458,2024,admin
1141,771,2021,admin
1143,134,2018,member
1144,957,2024,moderator
1144,325,2022,moderator
1144,318,2025,moderator
1144,418,2026,member
1144,84,2026,admin
1145,445,2024,member
1145,221,2021,admin
1146,736,2022,member
1147,600,2019,admin
1147,139,2023,moderator
1147,722,2020,member
1147,996,2023,member
1147,67,2019,admin
1148,219,2025,moderator
1149,141,2021,admin
1149,411,2024,member
1150,983,2025,moderator
1151,725,2026,member
1151,491,2020,member
1153,127,2018,member
1153,24,2022,member
1153,808,2026,moderator
1154,611,2020,member
1154,60,2019,member
1154,405,2025,member
1155,111,2018,admin
1155,260,2024,moderator
1157,687,2026,member
1157,824,2018,member
1157,15,2023,admin
1158,922,2020,member
1158,188,2025,member
1158,280,2024,moderator
1159,676,2020,admin
1160,529,2021,member
1161,354,2025,member
1161,118,2023,member
1161,468,2020,member
1161,128,2022,member
1161,601,2021,member
1162,443,2025,member
1163,697,2025,member
1163,496,2022,member
1163,510,2024,member
1164,494,2018,member
1164,331,2019,member
1165,663,2025,admin
1168,77,2020,admin
1168,645,2018,moderator
1168,917,2019,admin
1168,703,2018,moderator
1169,404,2024,admin
1169,403,2025,member
1169,909,2025,member
1169,725,2019,moderator
1171,297,2024,admin
1171,787,2021,member
1171,236,2021,member
1171,378,2023,member
1171,400,2024,admin
1172,148,2023,member
1173,746,2024,moderator
1173,754,2021,member
1174,486,2019,member
1174,993,2025,member
1174,574,2026,member
1175,305,2024,member
1175,832,2024,member
1175,473,2020,moderator
1177,655,2021,moderator
1177,808,2021,member
1178,405,2025,member
1178,181,2024,member
1178,882,2022,member
1179,781,2023,member
1179,40,2023,moderator
1180,411,2024,member
1180,223,2024,member
1180,17,2019,member
1180,64,2023,member
1181,58,2025,admin
1182,759,2018,member
1182,989,2026,member
1184,373,2021,moderator
1184,784,2021,admin
1184,885,2024,member
1185,495,2023,admin
1185,945,2026,moderator
1185,644,2025,moderator
1185,909,2025,member
1185,168,2023,member
1186,607,2018,moderator
1189,620,2019,member
1189,394,2022,admin
1191,490,2020,admin
1191,10,2021,member
1191,51,2019,member
1191,673,2020,moderator
1192,200,2022,moderator
1192,483,2018,member
1194,559,2026,member
1196,86,2020,admin
1196,710,2019,admin
1197,718,2023,member
1198,362,2019,moderator
1198,816,2024,member
1198,424,2023,admin
1199,159,2023,member
1199,226,2020,admin
1200,503,2018,moderator
1202,155,2026,member
1202,787,2021,member
1202,152,2023,member
1203,450,2025,member
1203,540,2023,member
1204,928,2024,member
1205,161,2026,member
1205,421,2025,member
1206,693,2023,member
1208,919,2019,member
1208,533,2019,admin
1208,252,2023,member
1209,51,2026,moderator
1209,958,2023,moderator
1210,839,2023,member
1210,959,2023,admin
1210,965,2019,member
1211,11,2019,member
1212,658,2024,moderator
1212,570,2025,member
1213,446,2019,admin
1214,545,2026,moderator
1215,850,2024,member
1216,339,2021,member
1217,837,2025,moderator
1218,588,2024,member
1220,916,2020,member
1220,882,2024,member
1221,631,2019,member
1221,948,2018,member
1222,298,2021,admin
1223,511,2018,member
1223,251,2020,member
1223,296,2022,member
1223,321,2023,member
1224,134,2024,member
1225,886,2024,member
1225,931,2019,member
1226,602,2025,moderator
1227,994,2024,moderator
1229,760,2023,admin
1229,959,2019,admin
1230,450,2022,moderator
1230,770,2021,moderator
1231,210,2025,admin
1232,537,2022,admin
1232,462,2023,member
1233,251,2026,member
1233,116,2022,member
1234,741,2024,member
1234,616,2023,member
1234,956,2023,moderator
1234,400,2022,moderator
1234,67,2025,moderator
1235,450,2020,member
1237,528,2025,member
1237,467,2024,member
1238,940,2026,admin
1238,636,2026,moderator
1238,84,2023,member
1239,892,2026,member
1239,685,2020,member
1240,42,2018,member
1240,655,2018,member
1240,798,2022,member
1240,30,2019,moderator
1241,330,2026,member
1242,331,2019,admin
1243,311,2020,member
1244,881,2025,member
1245,193,2018,moderator
1245,625,2023,member
1245,240,2021,member
1245,253,2021,member
1245,961,2025,member
1246,841,2024,member
1246,600,2026,member
1246,687,2019,admin
1246,555,2024,member
1246,21,2026,moderator
1247,783,2023,moderator
1247,645,2026,admin
1249,488,2024,member
1249,195,2018,admin
1249,477,2025,moderator
1250,657,2026,member
1251,866,2025,admin
1251,395,2025,admin
1251,422,2023,member
1251,28,2018,member
1252,300,2018,moderator
1252,285,2020,admin
1252,373,2024,member
1253,917,2018,member
1253,997,2018,moderator
1253,747,2021,member
1253,995,2020,moderator
1253,792,2023,member
1254,163,2023,member
1255,17,2023,admin
1256,81,2023,moderator
1257,70,2025,member
1257,470,2021,admin
1258,790,2025,member
1258,981,2022,member
1259,734,2026,moderator
1259,901,2018,admin
1260,312,2023,member
1260,8,2021,admin
1260,507,2018,member
1262,634,2025,member
1263,223,2023,member
1264,759,2018,member
1264,715,2019,member
1264,998,2018,moderator
1265,460,2019,member
1265,187,2026,member
1266,561,2021,admin
1267,29,2020,moderator
1268,534,2025,admin
1268,960,2026,member
1268,342,2019,member
1268,230,2020,member
1270,491,2018,moderator
1270,248,2021,admin
1272,381,2026,member
1272,544,2026,member
1272,221,2024,admin
1272,35,2019,moderator
1272,418,2025,member
1274,345,2024,member
1275,487,2023,moderator
1275,493,2021,member
1275,381,2022,member
1275,957,2018,member
1275,359,2025,moderator
1276,134,2018,member
1276,363,2023,admin
1276,13,2026,admin
1276,301,2019,member
1277,934,2023,admin
1277,328,2025,member
1278,497,2026,member
1279,804,2020,member
1279,484,2026,member
1279,645,2020,member
1280,17,2018,moderator
1280,813,2022,admin
1280,294,2021,member
1280,88,2024,moderator
1280,379,2018,admin
1281,439,2019,member
1281,785,2023,member
1281,697,2024,moderator
1283,18,2022,moderator
1283,722,2023,member
1285,320,2018,admin
1285,344,2020,member
1285,566,2025,member
1285,309,2024,admin
1286,39,2024,member
1286,950,2022,admin
1287,448,2023,admin
1288,943,2024,member
1288,695,2026,member
1288,231,2024,member
1288,808,2025,member
1288,672,2020,member
1289,790,2026,member
1290,537,2021,member
1290,748,2023,member
1291,792,2020,member
1291,304,2022,admin
1291,893,2024,moderator
1292,688,2018,member
1292,623,2022,member
1292,37,2021,admin
1293,728,2026,admin
1293,562,2024,moderator
1293,19,2020,member
1293,280,2019,member
1295,113,2025,member
1295,757,2026,moderator
1296,510,2018,admin
1297,119,2024,moderator
1297,909,2026,admin
1299,236,2022,moderator
1299,879,2019,member
1299,642,2026,member
1299,559,2023,member
1301,268,2024,moderator
1302,379,2023,member
1302,450,2024,member
1302,238,2020,moderator
1302,115,2024,admin
1302,159,2026,moderator
1303,789,2020,admin
1304,511,2022,moderator
1305,39,2026,member
1306,664,2025,member
1306,518,2025,member
1307,92,2025,member
1307,777,2024,member
1307,345,2022,member
1308,967,2019,member
1309,789,2024,member
1309,259,2018,member
1309,459,2022,member
1309,90,2023,member
1310,291,2023,admin
1311,147,2024,admin
1311,614,2022,member
1311,925,2022,member
1312,860,2019,member
1312,588,2025,admin
1312,818,2018,member
1313,497,2024,member
1313,849,2018,admin
1315,197,2021,admin
1315,455,2024,member
1316,320,2025,moderator
1316,921,2018,moderator
1316,178,2022,member
1317,268,2022,member
1318,446,2021,member
1318,711,2021,member
1318,127,2020,member
1319,395,2019,admin
1321,441,2019,member
1321,738,2026,member
1321,157,2019,member
1321,852,2023,member
1322,590,2020,member
1322,684,2020,moderator
1322,361,2023,member
1322,280,2023,moderator
1323,516,2022,admin
1323,654,2020,member
1323,64,2025,member
1323,523,2025,member
1326,709,2020,admin
1327,543,2019,member
1329,463,2021,member
1329,254,2024,member
1330,938,2024,moderator
1331,904,2023,admin
1332,881,2022,moderator
1332,127,2026,moderator
1332,595,2025,member
1333,155,2022,member
1333,1000,2021,member
1334,501,2023,moderator
1336,746,2024,admin
1336,769,2022,admin
1336,906,2018,member
1336,413,2021,moderator
1337,920,2026,member
1337,450,2020,member
1339,924,2021,member
1340,612,2023,member
1340,16,2022,member
1341,568,2021,member
1341,697,2019,member
1341,547,2019,admin
1341,227,2018,member
1342,287,2026,member
1344,551,2018,member
1345,228,2023,member
1345,513,2019,member
1345,542,2023,member
1345,857,2021,admin
1346,931,2023,moderator
1346,97,2021,member
1347,881,2019,member
1347,326,2024,moderator
1347,594,2018,admin
1347,823,2024,member
1348,390,2023,member
1349,39,2020,moderator
1350,669,2022,moderator
1350,179,2026,admin
1350,830,2020,member
1350,147,2023,member
1351,564,2020,moderator
1351,714,2019,member
1352,979,2024,member
1354,34,2023,moderator
1354,80,2025,member
1355,727,2026,member
1357,490,2024,admin
1357,658,2024,moderator
1357,363,2023,member
1357,189,2026,member
1357,889,2024,admin
1359,953,2020,member
1360,454,2021,moderator
1361,56,2019,member
1361,539,2021,admin
1361,703,2018,member
1361,998,2018,admin
1361,465,2020,member
1362,350,2024,member
1362,866,2024,member
1362,810,2025,member
1362,757,2020,member
1363,526,2023,moderator
1363,846,2026,admin
1364,631,2020,moderator
1364,176,2021,admin
1364,65,2019,member
1364,237,2020,member
1365,847,2020,member
1365,213,2025,member
1366,336,2021,admin
1366,263,2022,moderator
1366,39,2023,member
1366,115,2021,member
1366,304,2026,admin
1367,319,2023,admin
1368,560,2018,member
1369,645,2020,member
1369,852,2024,member
1370,614,2026,member
1371,359,2023,member
1371,369,2022,member
1372,553,2023,member
1372,505,2018,moderator
1373,993,2018,member
1373,33,2019,moderator
1373,632,2020,member
1374,80,2021,member
1374,813,2026,member
1375,215,2021,member
1376,384,2024,member
1376,690,2018,member
1376,431,2018,member
1376,595,2022,moderator
1378,694,2021,member
1378,205,2020,member
1378,944,2024,member
1378,941,2020,moderator
1380,80,2022,member
1380,398,2024,moderator
1381,233,2019,member
1381,237,2018,admin
1381,120,2020,member
1381,389,2019,member
1384,617,2022,member
1385,757,2018,member
1385,257,2019,admin
1386,587,2026,member
1386,371,2018,member
1386,30,2023,moderator
1387,818,2023,member
1387,829,2024,member
1387,239,2023,admin
1388,484,2024,member
1389,271,2019,member
1390,29,2020,admin
1390,154,2024,moderator
1390,722,2019,member
1391,335,2024,member
1393,991,2023,moderator
1393,198,2025,moderator
1394,681,2022,admin
1396,511,2021,member
1396,346,2020,moderator
1397,640,2025,member
1397,953,2020,moderator
1397,633,2019,member
1397,868,2026,moderator
1398,536,2026,admin
1398,640,2019,moderator
1398,721,2026,member
1398,932,2019,moderator
1398,865,2019,member
1399,117,2020,member
1399,96,2019,member
1399,69,2022,admin
1399,265,2022,member
1400,990,2019,member
1400,427,2025,member
1400,451,2025,member
1400,223,2019,admin
1401,1,2023,member
1401,699,2023,member
1401,420,2026,member
1401,412,2025,member
1405,93,2019,moderator
1405,956,2018,moderator
1405,505,2019,member
1405,413,2018,member
1405,905,2019,member
1406,546,2019,admin
1406,227,2019,moderator
1408,988,2023,moderator
1408,326,2022,member
1408,482,2018,member
1408,602,2019,member
1408,390,2022,member
1409,741,2025,admin
1409,59,2020,member
1409,727,2019,member
1410,287,2021,member
1411,177,2019,member
1411,311,2022,moderator
1411,984,2023,member
1412,966,2022,admin
1412,447,2020,member
1412,148,2021,member
1413,917,2022,member
1413,904,2019,member
1414,524,2022,moderator
1416,973,2023,member
1416,965,2023,admin
1418,706,2024,moderator
1419,67,2025,member
1420,333,2021,member
1422,887,2022,admin
1423,10,2023,member
1423,441,2019,member
1423,35,2021,moderator
1424,951,2022,moderator
1424,669,2021,member
1424,107,2018,moderator
1424,954,2026,admin
1424,230,2018,moderator
1425,591,2023,moderator
1425,856,2024,member
1427,540,2019,member
1427,233,2022,member
1427,15,2025,member
1427,281,2025,member
1428,719,2021,member
1429,850,2021,moderator
1429,669,2025,member
1429,878,2019,moderator
1429,624,2026,member
1429,481,2020,member
1430,79,2025,member
1430,682,2018,member
1430,829,2018,admin
1430,862,2021,moderator
1432,119,2024,admin
1432,531,2025,member
1432,336,2018,admin
1432,637,2023,member
1433,336,2023,member
1433,742,2023,moderator
1434,157,2025,member
1434,515,2024,moderator
1434,70,2026,member
1434,544,2024,member
1434,274,2020,member
1436,98,2022,member
1436,93,2024,member
1436,612,2025,admin
1436,355,2018,admin
1436,883,2026,member
1437,819,2021,member
1438,154,2019,moderator
1438,984,2023,admin
1438,684,2020,admin
1440,165,2019,member
1440,215,2023,moderator
1440,248,2025,moderator
1440,979,2020,member
1442,854,2023,moderator
1442,220,2019,moderator
1442,532,2020,moderator
1443,981,2019,member
1443,989,2022,member
1443,268,2025,moderator
1445,667,2025,member
1446,884,2019,member
1446,261,2020,member
1446,185,2022,member
1448,918,2022,member
1448,493,2023,admin
1449,633,2022,member
1449,726,2023,member
1450,679,2023,member
1450,338,2018,admin
1450,581,2023,member
1450,140,2026,moderator
1450,680,2025,admin
1451,724,2022,member
1451,622,2025,member
1451,230,2025,admin
1451,405,2023,moderator
1453,642,2024,member
1453,102,2020,admin
1455,107,2019,member
1456,213,2018,member
1458,382,2018,member
1459,415,2026,member
1459,998,2019,member
1459,591,2021,member
1459,286,2020,member
1460,175,2018,admin
1461,256,2023,moderator
1461,537,2018,admin
1462,599,2019,member
1463,540,2023,admin
1463,999,2025,admin
1464,633,2020,member
1465,115,2024,admin
1467,56,2026,member
1468,830,2021,moderator
1468,611,2019,member
1470,948,2025,admin
1471,732,2026,admin
1472,824,2018,member
1472,253,2025,member
1472,554,2025,member
1473,99,2021,moderator
1473,229,2018,member
1474,406,2022,member
1474,174,2023,member
1476,904,2021,member
1476,16,2023,admin
1476,329,2026,member
1476,936,2021,member
1477,104,2019,admin
1477,684,2018,admin
1478,579,2026,member
1478,668,2018,member
1478,764,2026,member
1478,238,2025,moderator
1479,567,2020,member
1479,783,2026,moderator
1480,225,2023,moderator
1480,476,2022,member
1480,72,2023,member
1481,35,2025,member
1482,427,2025,member
1483,679,2024,member
1483,715,2021,member
1485,71,2019,member
1485,736,2023,member
1485,442,2021,member
1486,502,2019,member
1486,211,2022,member
1487,505,2019,moderator
1489,498,2018,moderator
1489,586,2019,admin
1489,647,2020,member
1489,668,2018,member
1489,217,2023,admin
1491,826,2024,member
1491,99,2022,moderator
1492,306,2025,member
1492,131,2020,member
1492,442,2023,member
1492,573,2024,member
1492,277,2020,admin
1493,25,2021,moderator
1493,344,2025,admin
1493,734,2019,member
1495,163,2018,admin
1495,929,2023,moderator
1496,678,2018,member
1496,993,2023,member
1498,102,2024,admin
1498,583,2022,member
1498,619,2023,moderator
1498,772,2023,moderator
1498,822,2026,member
1499,458,2018,member
1499,270,2022,member
1499,302,2023,member
1499,190,2023,member
1500,817,2022,member
